{"List of annualized returns":{
   "MMM":1.072309625437084,
   "AOS":-0.14568452504049567,
   "ABT":0.1959869528918421,
   "ABBV":0.16885082422721664,
   "ACN":0.09101926986473852,
   "ADBE":-0.16810791736569275,
   "AMD":-0.2877118136106983,
   "AES":-0.33591136737261673,
   "AFL":0.34282934189306435,
   "A":0.03994924151167756,
   "APD":0.47466096045237216,
   "ABNB":0.09095550831248533,
   "AKAM":-0.06335189386480267,
   "ALB":-0.17584241742831153,
   "ARE":-0.14257570410717502,
   "ALGN":-0.2893783146000234,
   "ALLE":0.03116913161306356,
   "LNT":0.33593284757552744,
   "ALL":0.2152637839142746,
   "GOOGL":0.35953954754360073,
   "GOOG":0.3588822820337787,
   "MO":0.46739731043029464,
   "AMZN":0.40122182079890734,
   "AMCR":0.2086304908513743,
   "AEE":0.48528663024170715,
   "AEP":0.3248798122884229,
   "AXP":0.5263752874772709,
   "AIG":0.10459846996056577,
   "AMT":0.06859508478664855,
   "AWK":0.05724676098069348,
   "AMP":0.42780420621842663,
   "AME":0.08893881687443583,
   "AMGN":0.07299673588621292,
   "APH":0.38389581718450416,
   "ADI":0.2262281770256973,
   "ANSS":0.049028075418793726,
   "AON":0.26395115176734807,
   "APA":-0.1821262185477711,
   "APO":0.5326704122817385,
   "AAPL":0.37830301209515493,
   "AMAT":-0.002612039193243265,
   "APTV":-0.09624238236522842,
   "ACGL":0.0909448686910348,
   "ADM":-0.10648008460313141,
   "ANET":0.8088185955717562,
   "AJG":0.3734857347699889,
   "AIZ":0.2200792763084325,
   "T":0.6396529223350662,
   "ATO":0.33477578060084046,
   "ADSK":0.20368332437838177,
   "ADP":0.2666502143783289,
   "AZO":0.29772344657900884,
   "AVB":0.29331079121903114,
   "AVY":-0.10070721439342778,
   "AXON":1.7717714493672632,
   "BKR":0.6958952028357905,
   "BALL":-0.16818741982176222,
   "BAC":0.45247067324076684,
   "BAX":-0.19935806279897894,
   "BDX":-0.029609610463759095,
   "BRK.B":"nan",
   "BBY":0.34274745850560273,
   "TECH":-0.007791755389850552,
   "BIIB":-0.36743495665458104,
   "BLK":0.27648520192958226,
   "BX":0.3586431975405222,
   "BK":0.6676226951389572,
   "BA":-0.05675024925974326,
   "BKNG":0.4107936145513851,
   "BWA":0.012991949009304893,
   "BSX":0.6349166940587796,
   "BMY":0.19502131122131305,
   "AVGO":1.198646968916019,
   "BR":0.253609201023796,
   "BRO":0.3680525235445715,
   "BF.B":"nan",
   "BLDR":-0.09559717684252478,
   "BG":-0.18193836701942157,
   "BXP":0.18028189537064865,
   "CHRW":0.45202488176292954,
   "CDNS":0.0640500070215484,
   "CZR":0.007006162348073053,
   "CPT":0.29891815974916724,
   "CPB":-0.01074031128540287,
   "COF":0.5741218397849013,
   "CAH":0.2554454635087007,
   "KMX":0.2593691569835266,
   "CCL":0.8832654924300336,
   "CARR":0.2276372794266739,
   "CAT":0.15095822136032755,
   "CBOE":0.11360564669784057,
   "CBRE":0.5833440658269597,
   "CDW":-0.1805441341568409,
   "CE":-0.5050224075165434,
   "COR":0.06704076042075502,
   "CNC":-0.24010919204769898,
   "CNP":0.25215267202298985,
   "CF":0.15507996676766278,
   "CRL":-0.34276738607795776,
   "SCHW":0.3079064083376084,
   "CHTR":0.3113652847859527,
   "CVX":0.06916333590621226,
   "CMG":0.1399849867471037,
   "CB":0.0861512037840102,
   "CHD":0.10651990511668052,
   "CI":-0.09769373399608428,
   "CINF":0.28480658269297177,
   "CTAS":0.36278908966338874,
   "CSCO":0.3903069749959185,
   "C":0.6490197565688329,
   "CFG":0.5925366915476433,
   "CLX":0.021650311612829043,
   "CME":0.23568602175655706,
   "CMS":0.25903409602040894,
   "KO":0.2089820236537545,
   "CTSH":0.207380490636081,
   "CL":0.06676625169649975,
   "CMCSA":-0.09782241491230215,
   "CAG":-5.518199697440718e-05,
   "COP":-0.08557903856976512,
   "ED":0.12076791394069852,
   "STZ":-0.29893293647669106,
   "CEG":1.9889005148257257,
   "COO":-0.029174594932700026,
   "CPRT":0.2263227413115716,
   "GLW":0.7647465901433099,
   "CPAY":0.4138202566333635,
   "CTVA":0.21763652180104476,
   "CSGP":-0.06924890772367664,
   "COST":0.5205966965948479,
   "CTRA":0.18950586677764036,
   "CRWD":0.529649429814598,
   "CCI":-0.11479386235839928,
   "CSX":-0.06388250928199002,
   "CMI":0.486803570173191,
   "CVS":-0.02535701856960637,
   "DHR":-0.14493157501998188,
   "DRI":0.2668525566273492,
   "DVA":0.37747619661182075,
   "DAY":-0.04014086716076881,
   "DECK":0.17096448703450307,
   "DE":0.3791692827973805,
   "DELL":0.6828175545750372,
   "DAL":0.7051887826154988,
   "DVN":-0.1426365632726292,
   "DXCM":-0.09252331366522681,
   "FANG":-0.0485420185909915,
   "DLR":0.1856012832203966,
   "DFS":0.9372351930876368,
   "DG":-0.38756226208516187,
   "DLTR":-0.4503395878908878,
   "D":0.32253145126521265,
   "DPZ":0.18971837385124912,
   "DOV":0.28685820344134894,
   "DOW":-0.24473623351652762,
   "DHI":-0.04460714188477477,
   "DTE":0.26397693734420113,
   "DUK":0.27437753676586407,
   "DD":0.27109718360271007,
   "EMN":0.26063049765179236,
   "ETN":0.19734584474494854,
   "EBAY":0.7369558940628007,
   "ECL":0.25732735019455477,
   "EIX":-0.18665857170968325,
   "EW":-0.025974138375781886,
   "EA":-0.06458801859185614,
   "ELV":-0.20265854089842683,
   "EMR":0.22569850674013736,
   "ENPH":-0.44004313187968347,
   "ETR":0.7861344764912612,
   "EOG":0.1940915879418117,
   "EPAM":-0.027198458338947407,
   "EQT":0.6793627848845318,
   "EFX":0.005776424158002058,
   "EQIX":0.12316738879904432,
   "EQR":0.25268226016628215,
   "ERIE":0.1578113049567138,
   "ESS":0.30553260491392575,
   "EL":-0.46482855248833566,
   "EG":-0.07240447019769491,
   "EVRG":0.41702384627644085,
   "ES":0.12808345300904955,
   "EXC":0.30423855840327296,
   "EXPE":0.568441105513086,
   "EXPD":-0.06866902245132278,
   "EXR":0.1742665986707228,
   "XOM":0.0995623769791687,
   "FFIV":0.7651054882610346,
   "FDS":0.013961089450066355,
   "FICO":0.4515627497969439,
   "FAST":0.11823500172734569,
   "FRT":0.090658607645,
   "FDX":0.21375928908530262,
   "FIS":0.13548914671162016,
   "FITB":0.3924270554708089,
   "FSLR":0.14711709648514049,
   "FE":0.13198549912790036,
   "FI":0.5929145152592477,
   "FMC":-0.14621143634437828,
   "F":-0.15861187958513123,
   "FTNT":0.706512476745474,
   "FTV":-0.022701031134966576,
   "FOXA":0.8946764847816084,
   "FOX":0.9382695580589266,
   "BEN":-0.17006842427614666,
   "FCX":0.10972424443907602,
   "GRMN":0.8483673357640171,
   "IT":0.16257950329924187,
   "GE":0.8681779929653917,
   "GEHC":0.12115756917397191,
   "GEV":2.436946231896721,
   "GEN":0.37308598920740366,
   "GNRC":0.29313179022632796,
   "GD":-0.07087878763511268,
   "GIS":-0.018489672929293377,
   "GM":0.3254289942789066,
   "GPC":-0.05652615215290546,
   "GILD":0.5221582075077409,
   "GPN":-0.19465762893806593,
   "GL":0.31506844064291806,
   "GDDY":0.7089274028217167,
   "GS":0.824237757691817,
   "HAL":-0.21575887983298359,
   "HIG":0.25309218162263925,
   "HAS":0.28025685871693584,
   "HCA":0.0713453160015276,
   "DOC":0.22203601892817781,
   "HSIC":0.04286707788785127,
   "HSY":-0.12360923860069495,
   "HES":0.029131860448817992,
   "HPE":0.5791886566199487,
   "HLT":0.38782719304745106,
   "HOLX":-0.12588367634010678,
   "HD":0.18836039448961794,
   "HON":0.06534828856905017,
   "HRL":0.049612112225992266,
   "HST":-0.11351764486804006,
   "HWM":"nan",
   "HPQ":0.26208537003547705,
   "HUBB":0.15667867111841516,
   "HUM":-0.23783023492546818,
   "HBAN":0.4138631762229492,
   "HII":-0.36951341372738034,
   "IBM":0.4950324125776391,
   "IEX":-0.10899680275453827,
   "IDXX":-0.18882297202511,
   "ITW":0.041165052581195294,
   "INCY":0.25422501286432087,
   "IR":0.01463446925550449,
   "PODD":0.5756663030481,
   "INTC":-0.37745184394494613,
   "ICE":0.2518273024274844,
   "IFF":0.11110740726335688,
   "IP":0.7584654348434663,
   "IPG":-0.10921908828050042,
   "INTU":-0.07561591219726205,
   "ISRG":0.6256715761522338,
   "IVZ":0.294110587623053,
   "INVH":0.008253877170441237,
   "IQV":-0.17029995297567468,
   "IRM":0.48766605991966694,
   "JBHT":-0.18597332736121042,
   "JBL":0.30051457560976447,
   "JKHY":-0.0176526130104786,
   "J":0.07975692686849145,
   "JNJ":0.033677004819811174,